ds,y
2022-08-15 00:00:00,1132.8666666666666
2022-08-15 00:05:00,1111.3666666666666
2022-08-15 00:10:00,1086.1666666666667
2022-08-15 00:15:00,1109.0
2022-08-15 00:20:00,1079.8666666666666
2022-08-15 00:25:00,1070.6
2022-08-15 00:30:00,1068.6
2022-08-15 00:35:00,1047.0333333333333
2022-08-15 00:40:00,1023.5666666666667
2022-08-15 00:45:00,1028.7666666666667
2022-08-15 00:50:00,1028.7
2022-08-15 00:55:00,1020.4333333333333
2022-08-15 01:00:00,1012.1333333333333
2022-08-15 01:05:00,1001.6
2022-08-15 01:10:00,989.1333333333333
2022-08-15 01:15:00,1002.2333333333333
2022-08-15 01:20:00,987.0333333333333
2022-08-15 01:25:00,967.6666666666666
2022-08-15 01:30:00,953.1
2022-08-15 01:35:00,953.1333333333333
2022-08-15 01:40:00,951.1
2022-08-15 01:45:00,940.3333333333334
2022-08-15 01:50:00,940.7666666666667
2022-08-15 01:55:00,948.5333333333333
2022-08-15 02:00:00,944.2333333333333
2022-08-15 02:05:00,941.9333333333333
2022-08-15 02:10:00,942.7666666666667
2022-08-15 02:15:00,943.8333333333334
2022-08-15 02:20:00,918.4333333333333
2022-08-15 02:25:00,928.7333333333333
2022-08-15 02:30:00,915.8
2022-08-15 02:35:00,916.7
2022-08-15 02:40:00,901.9
2022-08-15 02:45:00,918.5333333333333
2022-08-15 02:50:00,920.8333333333334
2022-08-15 02:55:00,915.9666666666667
2022-08-15 03:00:00,898.4333333333333
2022-08-15 03:05:00,896.7333333333333
2022-08-15 03:10:00,888.1
2022-08-15 03:15:00,876.1666666666666
2022-08-15 03:20:00,882.5
2022-08-15 03:25:00,879.0333333333333
2022-08-15 03:30:00,854.4666666666667
2022-08-15 03:35:00,855.6333333333333
2022-08-15 03:40:00,874.1
2022-08-15 03:45:00,861.6333333333333
2022-08-15 03:50:00,860.9333333333333
2022-08-15 03:55:00,841.5333333333333
2022-08-15 04:00:00,853.9666666666667
2022-08-15 04:05:00,845.3
2022-08-15 04:10:00,829.2666666666667
2022-08-15 04:15:00,850.6
2022-08-15 04:20:00,862.6
2022-08-15 04:25:00,861.1666666666666
2022-08-15 04:30:00,844.1333333333333
2022-08-15 04:35:00,873.3333333333334
2022-08-15 04:40:00,850.4666666666667
2022-08-15 04:45:00,841.8666666666667
2022-08-15 04:50:00,839.5666666666667
2022-08-15 04:55:00,844.4
2022-08-15 05:00:00,863.2333333333333
2022-08-15 05:05:00,841.8
2022-08-15 05:10:00,865.4
2022-08-15 05:15:00,879.6
2022-08-15 05:20:00,859.5333333333333
2022-08-15 05:25:00,859.0333333333333
2022-08-15 05:30:00,815.0
2022-08-15 05:35:00,810.5666666666667
2022-08-15 05:40:00,813.7
2022-08-15 05:45:00,822.2
2022-08-15 05:50:00,818.2
2022-08-15 05:55:00,833.1666666666666
2022-08-15 06:00:00,837.3666666666667
2022-08-15 06:05:00,820.9666666666667
2022-08-15 06:10:00,860.0333333333333
2022-08-15 06:15:00,882.5333333333333
2022-08-15 06:20:00,882.0
2022-08-15 06:25:00,886.3333333333334
2022-08-15 06:30:00,919.9
2022-08-15 06:35:00,937.9666666666667
2022-08-15 06:40:00,944.7666666666667
2022-08-15 06:45:00,923.4
2022-08-15 06:50:00,956.0
2022-08-15 06:55:00,955.9
2022-08-15 07:00:00,972.7
2022-08-15 07:05:00,984.4666666666667
2022-08-15 07:10:00,1017.2333333333333
2022-08-15 07:15:00,973.3666666666667
2022-08-15 07:20:00,952.2666666666667
2022-08-15 07:25:00,933.0
2022-08-15 07:30:00,896.2333333333333
2022-08-15 07:35:00,855.8333333333334
2022-08-15 07:40:00,800.3
2022-08-15 07:45:00,777.1
2022-08-15 07:50:00,765.1666666666666
2022-08-15 07:55:00,743.2333333333333
2022-08-15 08:00:00,714.2666666666667
2022-08-15 08:05:00,752.9
2022-08-15 08:10:00,742.2666666666667
2022-08-15 08:15:00,713.0
2022-08-15 08:20:00,696.3666666666667
2022-08-15 08:25:00,695.4333333333333
2022-08-15 08:30:00,691.4666666666667
2022-08-15 08:35:00,643.3666666666667
2022-08-15 08:40:00,648.5
2022-08-15 08:45:00,655.9333333333333
2022-08-15 08:50:00,672.1333333333333
2022-08-15 08:55:00,683.3
2022-08-15 09:00:00,684.7
2022-08-15 09:05:00,676.4333333333333
2022-08-15 09:10:00,679.6666666666666
2022-08-15 09:15:00,684.7666666666667
2022-08-15 09:20:00,634.2666666666667
2022-08-15 09:25:00,650.9
2022-08-15 09:30:00,672.9333333333333
2022-08-15 09:35:00,651.0
2022-08-15 09:40:00,648.9666666666667
2022-08-15 09:45:00,653.6666666666666
2022-08-15 09:50:00,699.3666666666667
2022-08-15 09:55:00,747.6
2022-08-15 10:00:00,739.5333333333333
2022-08-15 10:05:00,749.1666666666666
2022-08-15 10:10:00,748.9
2022-08-15 10:15:00,792.8666666666667
2022-08-15 10:20:00,821.6333333333333
2022-08-15 10:25:00,791.5666666666667
2022-08-15 10:30:00,820.9
2022-08-15 10:35:00,846.8666666666667
2022-08-15 10:40:00,847.1666666666666
2022-08-15 10:45:00,854.2333333333333
2022-08-15 10:50:00,900.9666666666667
2022-08-15 10:55:00,906.6666666666666
2022-08-15 11:00:00,912.9666666666667
2022-08-15 11:05:00,923.0333333333333
2022-08-15 11:10:00,960.9
2022-08-15 11:15:00,959.8
2022-08-15 11:20:00,997.1333333333333
2022-08-15 11:25:00,1067.1
2022-08-15 11:30:00,1085.8666666666666
2022-08-15 11:35:00,1107.1333333333334
2022-08-15 11:40:00,1147.7
2022-08-15 11:45:00,1160.2333333333333
2022-08-15 11:50:00,1184.8666666666666
2022-08-15 11:55:00,1222.8
2022-08-15 12:00:00,1211.5666666666666
2022-08-15 12:05:00,1226.8666666666666
2022-08-15 12:10:00,1242.7666666666667
2022-08-15 12:15:00,1208.2666666666667
2022-08-15 12:20:00,1170.9666666666667
2022-08-15 12:25:00,1133.5
2022-08-15 12:30:00,1069.2666666666667
2022-08-15 12:35:00,1051.2666666666667
2022-08-15 12:40:00,1017.6666666666666
2022-08-15 12:45:00,969.1
2022-08-15 12:50:00,886.4666666666667
2022-08-15 12:55:00,845.2666666666667
2022-08-15 13:00:00,831.2
2022-08-15 13:05:00,812.4333333333333
2022-08-15 13:10:00,799.7666666666667
2022-08-15 13:15:00,797.9666666666667
2022-08-15 13:20:00,798.2666666666667
2022-08-15 13:25:00,773.2333333333333
2022-08-15 13:30:00,773.7
2022-08-15 13:35:00,770.8666666666667
2022-08-15 13:40:00,768.9666666666667
2022-08-15 13:45:00,783.7333333333333
2022-08-15 13:50:00,764.4333333333333
2022-08-15 13:55:00,752.7666666666667
2022-08-15 14:00:00,759.3333333333334
2022-08-15 14:05:00,744.5333333333333
2022-08-15 14:10:00,739.4333333333333
2022-08-15 14:15:00,728.9666666666667
2022-08-15 14:20:00,750.2
2022-08-15 14:25:00,739.9333333333333
2022-08-15 14:30:00,737.8333333333334
2022-08-15 14:35:00,733.0666666666667
2022-08-15 14:40:00,726.5666666666667
2022-08-15 14:45:00,708.1333333333333
2022-08-15 14:50:00,706.2
2022-08-15 14:55:00,703.9
2022-08-15 15:00:00,713.2
2022-08-15 15:05:00,705.6666666666666
2022-08-15 15:10:00,708.7666666666667
2022-08-15 15:15:00,739.0333333333333
2022-08-15 15:20:00,742.5333333333333
2022-08-15 15:25:00,761.5666666666667
2022-08-15 15:30:00,762.8
2022-08-15 15:35:00,737.9666666666667
2022-08-15 15:40:00,766.5666666666667
2022-08-15 15:45:00,753.4333333333333
2022-08-15 15:50:00,782.0333333333333
2022-08-15 15:55:00,800.1666666666666
2022-08-15 16:00:00,815.8666666666667
2022-08-15 16:05:00,809.1666666666666
2022-08-15 16:10:00,849.3333333333334
2022-08-15 16:15:00,854.0666666666667
2022-08-15 16:20:00,849.6333333333333
2022-08-15 16:25:00,864.5666666666667
2022-08-15 16:30:00,865.8
2022-08-15 16:35:00,854.2333333333333
2022-08-15 16:40:00,847.5666666666667
2022-08-15 16:45:00,846.2666666666667
2022-08-15 16:50:00,844.1333333333333
2022-08-15 16:55:00,859.1
2022-08-15 17:00:00,837.7
2022-08-15 17:05:00,875.7666666666667
2022-08-15 17:10:00,890.0
2022-08-15 17:15:00,900.8666666666667
2022-08-15 17:20:00,924.9333333333333
2022-08-15 17:25:00,951.4333333333333
2022-08-15 17:30:00,960.8666666666667
2022-08-15 17:35:00,971.7666666666667
2022-08-15 17:40:00,1003.4666666666667
2022-08-15 17:45:00,1005.6666666666666
2022-08-15 17:50:00,1012.4333333333333
2022-08-15 17:55:00,1000.5333333333333
2022-08-15 18:00:00,1014.4333333333333
2022-08-15 18:05:00,1023.2
2022-08-15 18:10:00,1037.4
2022-08-15 18:15:00,1028.7666666666667
2022-08-15 18:20:00,1046.5666666666666
2022-08-15 18:25:00,1046.1333333333334
2022-08-15 18:30:00,1021.4
2022-08-15 18:35:00,984.0333333333333
2022-08-15 18:40:00,993.3666666666667
2022-08-15 18:45:00,961.6
2022-08-15 18:50:00,945.9666666666667
2022-08-15 18:55:00,950.4
2022-08-15 19:00:00,975.0666666666667
2022-08-15 19:05:00,959.1
2022-08-15 19:10:00,960.9
2022-08-15 19:15:00,975.2333333333333
2022-08-15 19:20:00,991.8666666666667
2022-08-15 19:25:00,996.3333333333334
2022-08-15 19:30:00,971.7
2022-08-15 19:35:00,993.1666666666666
2022-08-15 19:40:00,1012.3666666666667
2022-08-15 19:45:00,1028.9333333333334
2022-08-15 19:50:00,1050.4
2022-08-15 19:55:00,1046.3
2022-08-15 20:00:00,1077.5333333333333
2022-08-15 20:05:00,1101.2666666666667
2022-08-15 20:10:00,1124.6666666666667
2022-08-15 20:15:00,1138.1666666666667
2022-08-15 20:20:00,1165.5333333333333
2022-08-15 20:25:00,1199.5333333333333
2022-08-15 20:30:00,1237.2333333333333
2022-08-15 20:35:00,1266.3666666666666
2022-08-15 20:40:00,1263.0
2022-08-15 20:45:00,1283.0333333333333
2022-08-15 20:50:00,1289.9333333333334
2022-08-15 20:55:00,1312.3666666666666
2022-08-15 21:00:00,1334.3
2022-08-15 21:05:00,1339.0333333333333
2022-08-15 21:10:00,1330.5333333333333
2022-08-15 21:15:00,1361.9333333333334
2022-08-15 21:20:00,1363.9666666666667
2022-08-15 21:25:00,1397.8666666666666
2022-08-15 21:30:00,1395.4666666666667
2022-08-15 21:35:00,1391.8
2022-08-15 21:40:00,1392.9666666666667
2022-08-15 21:45:00,1418.8
2022-08-15 21:50:00,1443.4333333333334
2022-08-15 21:55:00,1454.6
2022-08-15 22:00:00,1439.5
2022-08-15 22:05:00,1425.0666666666666
2022-08-15 22:10:00,1415.2333333333333
2022-08-15 22:15:00,1413.3666666666666
2022-08-15 22:20:00,1404.9666666666667
2022-08-15 22:25:00,1410.8666666666666
2022-08-15 22:30:00,1392.4333333333334
2022-08-15 22:35:00,1383.3
2022-08-15 22:40:00,1395.1666666666667
2022-08-15 22:45:00,1377.3333333333333
2022-08-15 22:50:00,1357.2
2022-08-15 22:55:00,1334.4333333333334
2022-08-15 23:00:00,1316.8666666666666
2022-08-15 23:05:00,1308.7666666666667
2022-08-15 23:10:00,1312.1333333333334
2022-08-15 23:15:00,1283.2333333333333
2022-08-15 23:20:00,1276.7666666666667
2022-08-15 23:25:00,1265.3333333333333
2022-08-15 23:30:00,1252.9333333333334
2022-08-15 23:35:00,1259.2333333333333
2022-08-15 23:40:00,1252.3333333333333
2022-08-15 23:45:00,1252.5333333333333
2022-08-15 23:50:00,1234.6
2022-08-15 23:55:00,1206.2
2022-08-16 00:00:00,1185.4666666666667
2022-08-16 00:05:00,1167.0
2022-08-16 00:10:00,1161.7
2022-08-16 00:15:00,1147.5666666666666
2022-08-16 00:20:00,1147.0666666666666
2022-08-16 00:25:00,1140.7666666666667
2022-08-16 00:30:00,1140.3666666666666
2022-08-16 00:35:00,1116.8666666666666
2022-08-16 00:40:00,1102.5
2022-08-16 00:45:00,1094.6
2022-08-16 00:50:00,1096.1333333333334
2022-08-16 00:55:00,1081.6333333333334
2022-08-16 01:00:00,1084.0
2022-08-16 01:05:00,1086.2333333333333
2022-08-16 01:10:00,1064.7333333333333
2022-08-16 01:15:00,1057.5666666666666
2022-08-16 01:20:00,1044.6666666666667
2022-08-16 01:25:00,1049.9666666666667
2022-08-16 01:30:00,1046.9333333333334
2022-08-16 01:35:00,1040.6
2022-08-16 01:40:00,1032.1333333333334
2022-08-16 01:45:00,1033.0333333333333
2022-08-16 01:50:00,1012.5666666666667
2022-08-16 01:55:00,1026.6666666666667
2022-08-16 02:00:00,1012.0333333333333
2022-08-16 02:05:00,1003.8333333333334
2022-08-16 02:10:00,1004.3666666666667
2022-08-16 02:15:00,1005.9666666666667
2022-08-16 02:20:00,1003.5666666666667
2022-08-16 02:25:00,992.1666666666666
2022-08-16 02:30:00,994.4666666666667
2022-08-16 02:35:00,992.7666666666667
2022-08-16 02:40:00,975.6333333333333
2022-08-16 02:45:00,974.6333333333333
2022-08-16 02:50:00,969.7666666666667
2022-08-16 02:55:00,967.7
2022-08-16 03:00:00,968.0
2022-08-16 03:05:00,932.0333333333333
2022-08-16 03:10:00,938.7333333333333
2022-08-16 03:15:00,940.8666666666667
2022-08-16 03:20:00,947.0
2022-08-16 03:25:00,947.4
2022-08-16 03:30:00,929.0333333333333
2022-08-16 03:35:00,940.0333333333333
2022-08-16 03:40:00,941.0
2022-08-16 03:45:00,930.4666666666667
2022-08-16 03:50:00,931.5666666666667
2022-08-16 03:55:00,907.4666666666667
2022-08-16 04:00:00,928.6333333333333
2022-08-16 04:05:00,927.9
2022-08-16 04:10:00,906.3333333333334
2022-08-16 04:15:00,917.6333333333333
2022-08-16 04:20:00,934.4
2022-08-16 04:25:00,908.9666666666667
2022-08-16 04:30:00,916.4
2022-08-16 04:35:00,923.5666666666667
2022-08-16 04:40:00,919.5666666666667
2022-08-16 04:45:00,914.7333333333333
2022-08-16 04:50:00,908.4
2022-08-16 04:55:00,907.3
2022-08-16 05:00:00,908.6
2022-08-16 05:05:00,929.3666666666667
2022-08-16 05:10:00,914.3666666666667
2022-08-16 05:15:00,911.3666666666667
2022-08-16 05:20:00,906.0
2022-08-16 05:25:00,894.2666666666667
2022-08-16 05:30:00,897.0666666666667
2022-08-16 05:35:00,868.6666666666666
2022-08-16 05:40:00,863.1333333333333
2022-08-16 05:45:00,874.6333333333333
2022-08-16 05:50:00,843.2333333333333
2022-08-16 05:55:00,862.9
2022-08-16 06:00:00,871.4333333333333
2022-08-16 06:05:00,849.8666666666667
2022-08-16 06:10:00,891.6
2022-08-16 06:15:00,914.4333333333333
2022-08-16 06:20:00,923.3333333333334
2022-08-16 06:25:00,974.8333333333334
2022-08-16 06:30:00,967.0666666666667
2022-08-16 06:35:00,987.9666666666667
2022-08-16 06:40:00,969.7666666666667
2022-08-16 06:45:00,1010.9
2022-08-16 06:50:00,1011.0333333333333
2022-08-16 06:55:00,1044.6
2022-08-16 07:00:00,1018.2
2022-08-16 07:05:00,1026.4
2022-08-16 07:10:00,1032.0333333333333
2022-08-16 07:15:00,1036.3
2022-08-16 07:20:00,991.3333333333334
2022-08-16 07:25:00,965.4
2022-08-16 07:30:00,935.9
2022-08-16 07:35:00,920.3666666666667
2022-08-16 07:40:00,918.1333333333333
2022-08-16 07:45:00,882.9666666666667
2022-08-16 07:50:00,838.0
2022-08-16 07:55:00,822.2333333333333
2022-08-16 08:00:00,809.7
2022-08-16 08:05:00,787.2333333333333
2022-08-16 08:10:00,777.8666666666667
2022-08-16 08:15:00,789.4333333333333
2022-08-16 08:20:00,769.3
2022-08-16 08:25:00,769.3666666666667
2022-08-16 08:30:00,748.5
2022-08-16 08:35:00,734.4
2022-08-16 08:40:00,700.5666666666667
2022-08-16 08:45:00,722.1666666666666
2022-08-16 08:50:00,741.2
2022-08-16 08:55:00,753.3
2022-08-16 09:00:00,774.3
2022-08-16 09:05:00,789.6333333333333
2022-08-16 09:10:00,790.4333333333333
2022-08-16 09:15:00,779.5333333333333
2022-08-16 09:20:00,755.8333333333334
2022-08-16 09:25:00,766.0
2022-08-16 09:30:00,782.9333333333333
2022-08-16 09:35:00,786.6
2022-08-16 09:40:00,793.2666666666667
2022-08-16 09:45:00,811.4
2022-08-16 09:50:00,870.2
2022-08-16 09:55:00,892.4666666666667
2022-08-16 10:00:00,941.4
2022-08-16 10:05:00,953.0666666666667
2022-08-16 10:10:00,943.3666666666667
2022-08-16 10:15:00,928.8
2022-08-16 10:20:00,911.0666666666667
2022-08-16 10:25:00,930.9
2022-08-16 10:30:00,944.1333333333333
2022-08-16 10:35:00,952.7
2022-08-16 10:40:00,954.3
2022-08-16 10:45:00,953.7666666666667
2022-08-16 10:50:00,967.7333333333333
2022-08-16 10:55:00,988.2666666666667
2022-08-16 11:00:00,991.8
2022-08-16 11:05:00,1053.0666666666666
2022-08-16 11:10:00,1066.8666666666666
2022-08-16 11:15:00,1068.6333333333334
2022-08-16 11:20:00,1156.5333333333333
2022-08-16 11:25:00,1178.5333333333333
2022-08-16 11:30:00,1194.5333333333333
2022-08-16 11:35:00,1202.8
2022-08-16 11:40:00,1234.2666666666667
2022-08-16 11:45:00,1259.4333333333334
2022-08-16 11:50:00,1266.5333333333333
2022-08-16 11:55:00,1283.1
2022-08-16 12:00:00,1269.5
2022-08-16 12:05:00,1272.5333333333333
2022-08-16 12:10:00,1247.5
2022-08-16 12:15:00,1236.0333333333333
2022-08-16 12:20:00,1218.9333333333334
2022-08-16 12:25:00,1125.2333333333333
2022-08-16 12:30:00,1078.5666666666666
2022-08-16 12:35:00,1067.2666666666667
2022-08-16 12:40:00,1024.3666666666666
2022-08-16 12:45:00,967.9333333333333
2022-08-16 12:50:00,941.2666666666667
2022-08-16 12:55:00,897.4333333333333
2022-08-16 13:00:00,851.5333333333333
2022-08-16 13:05:00,840.1666666666666
2022-08-16 13:10:00,824.7
2022-08-16 13:15:00,786.2
2022-08-16 13:20:00,770.0333333333333
2022-08-16 13:25:00,750.7
2022-08-16 13:30:00,746.2333333333333
2022-08-16 13:35:00,746.5666666666667
2022-08-16 13:40:00,722.9
2022-08-16 13:45:00,717.5333333333333
2022-08-16 13:50:00,697.1333333333333
2022-08-16 13:55:00,708.3
2022-08-16 14:00:00,698.6666666666666
2022-08-16 14:05:00,690.3666666666667
2022-08-16 14:10:00,681.1333333333333
2022-08-16 14:15:00,689.4
2022-08-16 14:20:00,680.5333333333333
2022-08-16 14:25:00,689.6333333333333
2022-08-16 14:30:00,687.8333333333334
2022-08-16 14:35:00,683.0
2022-08-16 14:40:00,668.0
2022-08-16 14:45:00,665.8
2022-08-16 14:50:00,666.1666666666666
2022-08-16 14:55:00,672.4
2022-08-16 15:00:00,665.1666666666666
2022-08-16 15:05:00,675.0333333333333
2022-08-16 15:10:00,681.4666666666667
2022-08-16 15:15:00,706.4666666666667
2022-08-16 15:20:00,693.0
2022-08-16 15:25:00,706.0666666666667
2022-08-16 15:30:00,716.0666666666667
2022-08-16 15:35:00,714.2333333333333
2022-08-16 15:40:00,726.7666666666667
2022-08-16 15:45:00,754.5333333333333
2022-08-16 15:50:00,766.7
2022-08-16 15:55:00,763.6666666666666
2022-08-16 16:00:00,735.1666666666666
2022-08-16 16:05:00,763.8
2022-08-16 16:10:00,771.7
2022-08-16 16:15:00,791.3666666666667
2022-08-16 16:20:00,800.0
2022-08-16 16:25:00,830.2
2022-08-16 16:30:00,845.4
2022-08-16 16:35:00,863.5666666666667
2022-08-16 16:40:00,828.7
2022-08-16 16:45:00,838.1666666666666
2022-08-16 16:50:00,810.3666666666667
2022-08-16 16:55:00,804.1333333333333
2022-08-16 17:00:00,780.2333333333333
2022-08-16 17:05:00,822.1
2022-08-16 17:10:00,818.6
2022-08-16 17:15:00,854.1
2022-08-16 17:20:00,876.2333333333333
2022-08-16 17:25:00,905.0
2022-08-16 17:30:00,948.3
2022-08-16 17:35:00,978.9
2022-08-16 17:40:00,971.1
2022-08-16 17:45:00,950.1666666666666
2022-08-16 17:50:00,962.5
2022-08-16 17:55:00,997.6666666666666
2022-08-16 18:00:00,1013.5
2022-08-16 18:05:00,1009.1
2022-08-16 18:10:00,1000.7333333333333
2022-08-16 18:15:00,1012.3
2022-08-16 18:20:00,1016.5666666666667
2022-08-16 18:25:00,988.1
2022-08-16 18:30:00,977.7666666666667
2022-08-16 18:35:00,966.6333333333333
2022-08-16 18:40:00,949.5666666666667
2022-08-16 18:45:00,963.8
2022-08-16 18:50:00,954.5
2022-08-16 18:55:00,970.6666666666666
2022-08-16 19:00:00,979.4
2022-08-16 19:05:00,967.0333333333333
2022-08-16 19:10:00,948.1666666666666
2022-08-16 19:15:00,981.3666666666667
2022-08-16 19:20:00,978.5666666666667
2022-08-16 19:25:00,972.3666666666667
2022-08-16 19:30:00,990.5666666666667
2022-08-16 19:35:00,1005.5666666666667
2022-08-16 19:40:00,1017.3
2022-08-16 19:45:00,1010.1333333333333
2022-08-16 19:50:00,1017.2666666666667
2022-08-16 19:55:00,1021.1333333333333
2022-08-16 20:00:00,1041.8
2022-08-16 20:05:00,1051.8333333333333
2022-08-16 20:10:00,1063.7333333333333
2022-08-16 20:15:00,1084.4
2022-08-16 20:20:00,1096.2333333333333
2022-08-16 20:25:00,1117.7666666666667
2022-08-16 20:30:00,1149.5666666666666
2022-08-16 20:35:00,1161.1333333333334
2022-08-16 20:40:00,1205.909090909091
2022-08-16 20:45:00,1221.4666666666667
2022-08-16 20:50:00,1251.0
2022-08-16 20:55:00,1277.3
2022-08-16 21:00:00,1280.4666666666667
2022-08-16 21:05:00,1283.0666666666666
2022-08-16 21:10:00,1303.2666666666667
2022-08-16 21:15:00,1307.4
2022-08-16 21:20:00,1330.2666666666667
2022-08-16 21:25:00,1341.6666666666667
2022-08-16 21:30:00,1352.3333333333333
2022-08-16 21:35:00,1367.1666666666667
2022-08-16 21:40:00,1371.5666666666666
2022-08-16 21:45:00,1390.1666666666667
2022-08-16 21:50:00,1397.9666666666667
2022-08-16 21:55:00,1381.9
2022-08-16 22:00:00,1360.8
2022-08-16 22:05:00,1340.5666666666666
2022-08-16 22:10:00,1308.9666666666667
2022-08-16 22:15:00,1299.1333333333334
2022-08-16 22:20:00,1275.9333333333334
2022-08-16 22:25:00,1255.7666666666667
2022-08-16 22:30:00,1228.2666666666667
2022-08-16 22:35:00,1188.3333333333333
2022-08-16 22:40:00,1198.2333333333333
2022-08-16 22:45:00,1169.6333333333334
2022-08-16 22:50:00,1156.2666666666667
2022-08-16 22:55:00,1148.0666666666666
2022-08-16 23:00:00,1141.7333333333333
2022-08-16 23:05:00,1119.5333333333333
2022-08-16 23:10:00,1095.4
2022-08-16 23:15:00,1080.4666666666667
2022-08-16 23:20:00,1076.3
2022-08-16 23:25:00,1079.3
2022-08-16 23:30:00,1073.2
2022-08-16 23:35:00,1045.2666666666667
2022-08-16 23:40:00,1047.1333333333334
2022-08-16 23:45:00,1040.9
2022-08-16 23:50:00,1041.8666666666666
2022-08-16 23:55:00,1025.4666666666667
2022-08-17 00:00:00,1029.0333333333333
2022-08-17 00:05:00,1001.3333333333334
2022-08-17 00:10:00,1001.2
2022-08-17 00:15:00,1007.2666666666667
2022-08-17 00:20:00,994.4333333333333
2022-08-17 00:25:00,984.9333333333333
2022-08-17 00:30:00,963.7333333333333
2022-08-17 00:35:00,971.5666666666667
2022-08-17 00:40:00,963.1666666666666
2022-08-17 00:45:00,930.3
2022-08-17 00:50:00,945.5333333333333
2022-08-17 00:55:00,924.3
2022-08-17 01:00:00,911.6666666666666
2022-08-17 01:05:00,909.5666666666667
2022-08-17 01:10:00,915.7666666666667
2022-08-17 01:15:00,900.1
2022-08-17 01:20:00,890.5666666666667
2022-08-17 01:25:00,898.4666666666667
2022-08-17 01:30:00,890.9666666666667
2022-08-17 01:35:00,877.5333333333333
2022-08-17 01:40:00,888.5666666666667
2022-08-17 01:45:00,884.8333333333334
2022-08-17 01:50:00,873.7333333333333
2022-08-17 01:55:00,860.9666666666667
2022-08-17 02:00:00,863.7
2022-08-17 02:05:00,859.8333333333334
2022-08-17 02:10:00,871.1666666666666
2022-08-17 02:15:00,882.3666666666667
2022-08-17 02:20:00,875.7333333333333
2022-08-17 02:25:00,871.9
2022-08-17 02:30:00,861.1666666666666
2022-08-17 02:35:00,865.2
2022-08-17 02:40:00,855.7333333333333
2022-08-17 02:45:00,864.4666666666667
2022-08-17 02:50:00,842.6333333333333
2022-08-17 02:55:00,851.1
2022-08-17 03:00:00,831.2
2022-08-17 03:05:00,846.0333333333333
2022-08-17 03:10:00,846.6333333333333
2022-08-17 03:15:00,847.7333333333333
2022-08-17 03:20:00,822.5333333333333
2022-08-17 03:25:00,838.6
2022-08-17 03:30:00,824.5333333333333
2022-08-17 03:35:00,823.1
2022-08-17 03:40:00,812.0666666666667
2022-08-17 03:45:00,801.8333333333334
2022-08-17 03:50:00,786.7
2022-08-17 03:55:00,810.4333333333333
2022-08-17 04:00:00,818.7
2022-08-17 04:05:00,804.2333333333333
2022-08-17 04:10:00,804.1666666666666
2022-08-17 04:15:00,808.1666666666666
2022-08-17 04:20:00,812.4666666666667
2022-08-17 04:25:00,815.1666666666666
2022-08-17 04:30:00,807.3666666666667
2022-08-17 04:35:00,808.6
2022-08-17 04:40:00,809.4333333333333
2022-08-17 04:45:00,816.6333333333333
2022-08-17 04:50:00,794.2666666666667
2022-08-17 04:55:00,798.2333333333333
2022-08-17 05:00:00,786.4333333333333
2022-08-17 05:05:00,809.4666666666667
2022-08-17 05:10:00,808.3666666666667
2022-08-17 05:15:00,775.5666666666667
2022-08-17 05:20:00,771.6
2022-08-17 05:25:00,777.4333333333333
2022-08-17 05:30:00,773.5
2022-08-17 05:35:00,778.8333333333334
2022-08-17 05:40:00,785.4666666666667
2022-08-17 05:45:00,781.2
2022-08-17 05:50:00,782.6666666666666
2022-08-17 05:55:00,768.7333333333333
2022-08-17 06:00:00,792.2666666666667
2022-08-17 06:05:00,811.1333333333333
2022-08-17 06:10:00,838.4
2022-08-17 06:15:00,857.8666666666667
2022-08-17 06:20:00,857.0666666666667
2022-08-17 06:25:00,877.9333333333333
2022-08-17 06:30:00,882.7666666666667
2022-08-17 06:35:00,907.6333333333333
2022-08-17 06:40:00,918.0333333333333
2022-08-17 06:45:00,969.5
2022-08-17 06:50:00,956.1333333333333
2022-08-17 06:55:00,961.2333333333333
2022-08-17 07:00:00,940.4333333333333
2022-08-17 07:05:00,951.3333333333334
2022-08-17 07:10:00,941.6666666666666
2022-08-17 07:15:00,942.4
2022-08-17 07:20:00,923.2333333333333
2022-08-17 07:25:00,912.2333333333333
2022-08-17 07:30:00,853.1
2022-08-17 07:35:00,811.4333333333333
2022-08-17 07:40:00,792.5333333333333
2022-08-17 07:45:00,752.2333333333333
2022-08-17 07:50:00,740.1666666666666
2022-08-17 07:55:00,746.4666666666667
2022-08-17 08:00:00,743.4333333333333
2022-08-17 08:05:00,739.5333333333333
2022-08-17 08:10:00,719.3
2022-08-17 08:15:00,718.8
2022-08-17 08:20:00,692.2
2022-08-17 08:25:00,688.3333333333334
2022-08-17 08:30:00,668.7
2022-08-17 08:35:00,641.3666666666667
2022-08-17 08:40:00,632.8666666666667
2022-08-17 08:45:00,633.7666666666667
2022-08-17 08:50:00,625.3333333333334
2022-08-17 08:55:00,656.3333333333334
2022-08-17 09:00:00,689.2333333333333
2022-08-17 09:05:00,684.9333333333333
2022-08-17 09:10:00,683.9
2022-08-17 09:15:00,661.6666666666666
2022-08-17 09:20:00,630.1666666666666
2022-08-17 09:25:00,659.8666666666667
2022-08-17 09:30:00,665.1
2022-08-17 09:35:00,692.0333333333333
2022-08-17 09:40:00,693.0666666666667
2022-08-17 09:45:00,696.8
2022-08-17 09:50:00,724.6666666666666
2022-08-17 09:55:00,738.9
2022-08-17 10:00:00,744.7333333333333
2022-08-17 10:05:00,739.2666666666667
2022-08-17 10:10:00,748.1666666666666
2022-08-17 10:15:00,764.4
2022-08-17 10:20:00,766.6666666666666
2022-08-17 10:25:00,803.9666666666667
2022-08-17 10:30:00,853.5666666666667
2022-08-17 10:35:00,868.0666666666667
2022-08-17 10:40:00,870.3
2022-08-17 10:45:00,851.2
2022-08-17 10:50:00,859.8666666666667
2022-08-17 10:55:00,868.0
2022-08-17 11:00:00,875.7666666666667
2022-08-17 11:05:00,922.6333333333333
2022-08-17 11:10:00,951.4333333333333
2022-08-17 11:15:00,1000.2
2022-08-17 11:20:00,1036.9
2022-08-17 11:25:00,1057.2
2022-08-17 11:30:00,1082.5666666666666
2022-08-17 11:35:00,1112.8
2022-08-17 11:40:00,1136.4666666666667
2022-08-17 11:45:00,1154.4333333333334
2022-08-17 11:50:00,1159.9333333333334
2022-08-17 11:55:00,1159.3
2022-08-17 12:00:00,1179.6333333333334
2022-08-17 12:05:00,1202.9333333333334
2022-08-17 12:10:00,1180.9333333333334
2022-08-17 12:15:00,1182.1333333333334
2022-08-17 12:20:00,1120.3333333333333
2022-08-17 12:25:00,1028.9666666666667
2022-08-17 12:30:00,983.9333333333333
2022-08-17 12:35:00,985.1666666666666
2022-08-17 12:40:00,956.2
2022-08-17 12:45:00,936.2
2022-08-17 12:50:00,886.8666666666667
2022-08-17 12:55:00,835.4
2022-08-17 13:00:00,816.6
2022-08-17 13:05:00,811.8666666666667
2022-08-17 13:10:00,793.1
2022-08-17 13:15:00,784.0
2022-08-17 13:20:00,764.9666666666667
2022-08-17 13:25:00,759.7666666666667
2022-08-17 13:30:00,751.9666666666667
2022-08-17 13:35:00,748.9
2022-08-17 13:40:00,727.7666666666667
2022-08-17 13:45:00,733.0333333333333
2022-08-17 13:50:00,720.5333333333333
2022-08-17 13:55:00,724.9666666666667
2022-08-17 14:00:00,718.6333333333333
2022-08-17 14:05:00,736.1666666666666
2022-08-17 14:10:00,723.5
2022-08-17 14:15:00,708.0
2022-08-17 14:20:00,725.2666666666667
2022-08-17 14:25:00,724.5333333333333
2022-08-17 14:30:00,710.8333333333334
2022-08-17 14:35:00,702.7
2022-08-17 14:40:00,710.3
2022-08-17 14:45:00,697.7
2022-08-17 14:50:00,701.9333333333333
2022-08-17 14:55:00,690.6666666666666
2022-08-17 15:00:00,697.5333333333333
2022-08-17 15:05:00,696.4
2022-08-17 15:10:00,697.4
2022-08-17 15:15:00,700.0666666666667
2022-08-17 15:20:00,699.4666666666667
2022-08-17 15:25:00,689.9333333333333
2022-08-17 15:30:00,700.0666666666667
2022-08-17 15:35:00,686.5
2022-08-17 15:40:00,702.1666666666666
2022-08-17 15:45:00,725.6
2022-08-17 15:50:00,722.7333333333333
2022-08-17 15:55:00,726.3333333333334
2022-08-17 16:00:00,746.9666666666667
2022-08-17 16:05:00,754.4
2022-08-17 16:10:00,753.6
2022-08-17 16:15:00,756.1
2022-08-17 16:20:00,758.8333333333334
2022-08-17 16:25:00,782.1666666666666
2022-08-17 16:30:00,770.8
2022-08-17 16:35:00,752.4
2022-08-17 16:40:00,755.2
2022-08-17 16:45:00,759.6
2022-08-17 16:50:00,725.4666666666667
2022-08-17 16:55:00,729.1
2022-08-17 17:00:00,747.2666666666667
2022-08-17 17:05:00,737.7333333333333
2022-08-17 17:10:00,763.6333333333333
2022-08-17 17:15:00,797.1
2022-08-17 17:20:00,838.6666666666666
2022-08-17 17:25:00,874.5
2022-08-17 17:30:00,879.4333333333333
2022-08-17 17:35:00,890.4333333333333
2022-08-17 17:40:00,897.6666666666666
2022-08-17 17:45:00,910.5
2022-08-17 17:50:00,913.1666666666666
2022-08-17 17:55:00,917.7333333333333
2022-08-17 18:00:00,926.6333333333333
2022-08-17 18:05:00,929.8333333333334
2022-08-17 18:10:00,938.2
2022-08-17 18:15:00,952.7333333333333
2022-08-17 18:20:00,964.6666666666666
2022-08-17 18:25:00,967.2
2022-08-17 18:30:00,940.5333333333333
2022-08-17 18:35:00,944.5333333333333
2022-08-17 18:40:00,936.4666666666667
2022-08-17 18:45:00,899.8
2022-08-17 18:50:00,914.2666666666667
2022-08-17 18:55:00,930.8
2022-08-17 19:00:00,932.3333333333334
2022-08-17 19:05:00,917.9
2022-08-17 19:10:00,926.7666666666667
2022-08-17 19:15:00,925.6
2022-08-17 19:20:00,911.5666666666667
2022-08-17 19:25:00,917.8666666666667
2022-08-17 19:30:00,937.2666666666667
2022-08-17 19:35:00,929.5666666666667
2022-08-17 19:40:00,936.9666666666667
2022-08-17 19:45:00,945.9333333333333
2022-08-17 19:50:00,965.9333333333333
2022-08-17 19:55:00,982.1666666666666
2022-08-17 20:00:00,1003.1333333333333
2022-08-17 20:05:00,1007.1666666666666
2022-08-17 20:10:00,1039.2666666666667
2022-08-17 20:15:00,1057.0666666666666
2022-08-17 20:20:00,1073.3333333333333
2022-08-17 20:25:00,1099.5
2022-08-17 20:30:00,1099.8666666666666
2022-08-17 20:35:00,1104.5
2022-08-17 20:40:00,1113.1666666666667
2022-08-17 20:45:00,1132.3333333333333
2022-08-17 20:50:00,1154.4
2022-08-17 20:55:00,1152.7333333333333
2022-08-17 21:00:00,1167.1
2022-08-17 21:05:00,1169.7333333333333
2022-08-17 21:10:00,1186.1333333333334
2022-08-17 21:15:00,1206.8666666666666
2022-08-17 21:20:00,1230.8666666666666
2022-08-17 21:25:00,1233.5
2022-08-17 21:30:00,1238.8
2022-08-17 21:35:00,1229.9
2022-08-17 21:40:00,1244.2
2022-08-17 21:45:00,1258.9
2022-08-17 21:50:00,1285.4
2022-08-17 21:55:00,1276.7
2022-08-17 22:00:00,1277.6
2022-08-17 22:05:00,1261.0333333333333
2022-08-17 22:10:00,1250.5
2022-08-17 22:15:00,1270.0333333333333
2022-08-17 22:20:00,1280.0
2022-08-17 22:25:00,1256.3666666666666
2022-08-17 22:30:00,1259.0666666666666
2022-08-17 22:35:00,1240.9
2022-08-17 22:40:00,1232.9333333333334
2022-08-17 22:45:00,1221.4
2022-08-17 22:50:00,1196.8666666666666
2022-08-17 22:55:00,1171.3333333333333
2022-08-17 23:00:00,1177.7
2022-08-17 23:05:00,1152.7
2022-08-17 23:10:00,1145.2666666666667
2022-08-17 23:15:00,1146.2333333333333
2022-08-17 23:20:00,1164.6
2022-08-17 23:25:00,1122.8333333333333
2022-08-17 23:30:00,1118.5
2022-08-17 23:35:00,1101.2666666666667
2022-08-17 23:40:00,1085.9666666666667
2022-08-17 23:45:00,1076.6666666666667
2022-08-17 23:50:00,1084.2666666666667
2022-08-17 23:55:00,1079.3666666666666
2022-08-18 00:00:00,1074.5333333333333
2022-08-18 00:05:00,1056.4333333333334
2022-08-18 00:10:00,1021.2
2022-08-18 00:15:00,1022.6
2022-08-18 00:20:00,1011.4333333333333
2022-08-18 00:25:00,1009.1333333333333
2022-08-18 00:30:00,1006.3666666666667
2022-08-18 00:35:00,990.2666666666667
2022-08-18 00:40:00,973.9
2022-08-18 00:45:00,968.0666666666667
2022-08-18 00:50:00,944.9666666666667
2022-08-18 00:55:00,950.8666666666667
2022-08-18 01:00:00,916.9666666666667
2022-08-18 01:05:00,930.1666666666666
2022-08-18 01:10:00,905.6333333333333
2022-08-18 01:15:00,923.2666666666667
2022-08-18 01:20:00,931.4333333333333
2022-08-18 01:25:00,910.0666666666667
2022-08-18 01:30:00,909.6333333333333
2022-08-18 01:35:00,924.9333333333333
2022-08-18 01:40:00,917.2666666666667
2022-08-18 01:45:00,904.9666666666667
2022-08-18 01:50:00,903.3
2022-08-18 01:55:00,888.4666666666667
2022-08-18 02:00:00,889.9333333333333
2022-08-18 02:05:00,885.2
2022-08-18 02:10:00,890.4666666666667
2022-08-18 02:15:00,893.4
2022-08-18 02:20:00,883.7333333333333
2022-08-18 02:25:00,886.8
2022-08-18 02:30:00,883.5666666666667
2022-08-18 02:35:00,885.9666666666667
2022-08-18 02:40:00,883.4333333333333
2022-08-18 02:45:00,879.7666666666667
2022-08-18 02:50:00,878.4333333333333
2022-08-18 02:55:00,852.6333333333333
2022-08-18 03:00:00,860.4333333333333
2022-08-18 03:05:00,855.3333333333334
2022-08-18 03:10:00,856.3333333333334
2022-08-18 03:15:00,861.6
2022-08-18 03:20:00,858.6333333333333
2022-08-18 03:25:00,862.3666666666667
2022-08-18 03:30:00,862.2
2022-08-18 03:35:00,856.9333333333333
2022-08-18 03:40:00,846.1333333333333
2022-08-18 03:45:00,830.0666666666667
2022-08-18 03:50:00,839.9333333333333
2022-08-18 03:55:00,850.5333333333333
2022-08-18 04:00:00,853.3
2022-08-18 04:05:00,832.5
2022-08-18 04:10:00,841.7
2022-08-18 04:15:00,835.0666666666667
2022-08-18 04:20:00,843.7333333333333
2022-08-18 04:25:00,849.6666666666666
2022-08-18 04:30:00,877.3333333333334
2022-08-18 04:35:00,836.2666666666667
2022-08-18 04:40:00,863.1333333333333
2022-08-18 04:45:00,864.6
2022-08-18 04:50:00,856.0
2022-08-18 04:55:00,858.5666666666667
2022-08-18 05:00:00,839.9
2022-08-18 05:05:00,847.0
2022-08-18 05:10:00,827.5666666666667
2022-08-18 05:15:00,833.5333333333333
2022-08-18 05:20:00,824.2
2022-08-18 05:25:00,809.6
2022-08-18 05:30:00,828.2
2022-08-18 05:35:00,823.5
2022-08-18 05:40:00,804.5666666666667
2022-08-18 05:45:00,803.8333333333334
2022-08-18 05:50:00,792.5333333333333
2022-08-18 05:55:00,792.3666666666667
2022-08-18 06:00:00,798.1666666666666
2022-08-18 06:05:00,826.6666666666666
2022-08-18 06:10:00,835.8
2022-08-18 06:15:00,865.9666666666667
2022-08-18 06:20:00,867.8
2022-08-18 06:25:00,892.3
2022-08-18 06:30:00,910.5333333333333
2022-08-18 06:35:00,893.1333333333333
2022-08-18 06:40:00,937.3
2022-08-18 06:45:00,958.9
2022-08-18 06:50:00,960.5333333333333
2022-08-18 06:55:00,976.4
2022-08-18 07:00:00,975.4333333333333
2022-08-18 07:05:00,958.5333333333333
2022-08-18 07:10:00,945.3666666666667
2022-08-18 07:15:00,936.2666666666667
2022-08-18 07:20:00,896.5333333333333
2022-08-18 07:25:00,865.1333333333333
2022-08-18 07:30:00,853.1
2022-08-18 07:35:00,825.4666666666667
2022-08-18 07:40:00,805.8666666666667
2022-08-18 07:45:00,817.4666666666667
2022-08-18 07:50:00,775.7666666666667
2022-08-18 07:55:00,763.4
2022-08-18 08:00:00,779.1333333333333
2022-08-18 08:05:00,744.5666666666667
2022-08-18 08:10:00,742.8
2022-08-18 08:15:00,723.8666666666667
2022-08-18 08:20:00,716.8333333333334
2022-08-18 08:25:00,714.6666666666666
2022-08-18 08:30:00,705.7333333333333
2022-08-18 08:35:00,690.8666666666667
2022-08-18 08:40:00,715.0666666666667
2022-08-18 08:45:00,679.5333333333333
2022-08-18 08:50:00,648.4666666666667
2022-08-18 08:55:00,678.0666666666667
2022-08-18 09:00:00,694.6333333333333
2022-08-18 09:05:00,703.4333333333333
2022-08-18 09:10:00,720.8666666666667
2022-08-18 09:15:00,692.6333333333333
2022-08-18 09:20:00,701.3666666666667
2022-08-18 09:25:00,663.7666666666667
2022-08-18 09:30:00,681.7333333333333
2022-08-18 09:35:00,680.6
2022-08-18 09:40:00,682.5666666666667
2022-08-18 09:45:00,680.8666666666667
2022-08-18 09:50:00,665.9
2022-08-18 09:55:00,697.0666666666667
2022-08-18 10:00:00,721.8333333333334
2022-08-18 10:05:00,752.4333333333333
2022-08-18 10:10:00,763.0
2022-08-18 10:15:00,804.9333333333333
2022-08-18 10:20:00,812.5333333333333
2022-08-18 10:25:00,826.7666666666667
2022-08-18 10:30:00,847.6
2022-08-18 10:35:00,835.3
2022-08-18 10:40:00,845.4
2022-08-18 10:45:00,852.8
2022-08-18 10:50:00,860.0666666666667
2022-08-18 10:55:00,881.5
2022-08-18 11:00:00,882.8333333333334
2022-08-18 11:05:00,926.3
2022-08-18 11:10:00,951.9666666666667
2022-08-18 11:15:00,973.0333333333333
2022-08-18 11:20:00,1004.1333333333333
2022-08-18 11:25:00,1025.2666666666667
2022-08-18 11:30:00,1065.6333333333334
2022-08-18 11:35:00,1106.0666666666666
2022-08-18 11:40:00,1115.2333333333333
2022-08-18 11:45:00,1146.6
2022-08-18 11:50:00,1132.0666666666666
2022-08-18 11:55:00,1145.0
2022-08-18 12:00:00,1179.7
2022-08-18 12:05:00,1152.3
2022-08-18 12:10:00,1145.0666666666666
2022-08-18 12:15:00,1106.8
2022-08-18 12:20:00,1048.5666666666666
2022-08-18 12:25:00,980.4666666666667
2022-08-18 12:30:00,938.5666666666667
2022-08-18 12:35:00,914.4
2022-08-18 12:40:00,911.0
2022-08-18 12:45:00,886.9333333333333
2022-08-18 12:50:00,865.3
2022-08-18 12:55:00,842.3666666666667
2022-08-18 13:00:00,815.8333333333334
2022-08-18 13:05:00,815.5333333333333
2022-08-18 13:10:00,779.9
2022-08-18 13:15:00,759.9333333333333
2022-08-18 13:20:00,763.4333333333333
2022-08-18 13:25:00,764.0
2022-08-18 13:30:00,778.4
2022-08-18 13:35:00,758.0333333333333
2022-08-18 13:40:00,751.2
2022-08-18 13:45:00,729.6
2022-08-18 13:50:00,722.6666666666666
2022-08-18 13:55:00,722.7
2022-08-18 14:00:00,709.1333333333333
2022-08-18 14:05:00,719.6666666666666
2022-08-18 14:10:00,714.2333333333333
2022-08-18 14:15:00,718.0333333333333
2022-08-18 14:20:00,715.2
2022-08-18 14:25:00,712.4666666666667
2022-08-18 14:30:00,706.6666666666666
2022-08-18 14:35:00,705.9666666666667
2022-08-18 14:40:00,694.6666666666666
2022-08-18 14:45:00,692.4666666666667
2022-08-18 14:50:00,695.7
2022-08-18 14:55:00,715.6333333333333
2022-08-18 15:00:00,721.3
2022-08-18 15:05:00,708.5
2022-08-18 15:10:00,689.2333333333333
2022-08-18 15:15:00,700.7
2022-08-18 15:20:00,717.5333333333333
2022-08-18 15:25:00,751.2666666666667
2022-08-18 15:30:00,776.1666666666666
2022-08-18 15:35:00,808.8
2022-08-18 15:40:00,805.6333333333333
2022-08-18 15:45:00,820.2
2022-08-18 15:50:00,843.3666666666667
2022-08-18 15:55:00,859.9
2022-08-18 16:00:00,838.8666666666667
2022-08-18 16:05:00,840.0333333333333
2022-08-18 16:10:00,849.3333333333334
2022-08-18 16:15:00,842.7
2022-08-18 16:20:00,827.5666666666667
2022-08-18 16:25:00,844.1666666666666
2022-08-18 16:30:00,838.9
2022-08-18 16:35:00,829.8
2022-08-18 16:40:00,809.2
2022-08-18 16:45:00,815.6666666666666
2022-08-18 16:50:00,829.7
2022-08-18 16:55:00,838.0333333333333
2022-08-18 17:00:00,836.9
2022-08-18 17:05:00,848.7
2022-08-18 17:10:00,843.7
2022-08-18 17:15:00,851.0666666666667
2022-08-18 17:20:00,883.6666666666666
2022-08-18 17:25:00,910.6333333333333
2022-08-18 17:30:00,927.3333333333334
2022-08-18 17:35:00,945.1666666666666
2022-08-18 17:40:00,975.3666666666667
2022-08-18 17:45:00,962.8
2022-08-18 17:50:00,954.7666666666667
2022-08-18 17:55:00,943.8
2022-08-18 18:00:00,951.8333333333334
2022-08-18 18:05:00,982.7333333333333
2022-08-18 18:10:00,989.1333333333333
2022-08-18 18:15:00,980.6333333333333
2022-08-18 18:20:00,973.1666666666666
2022-08-18 18:25:00,986.2
2022-08-18 18:30:00,938.6666666666666
2022-08-18 18:35:00,897.0666666666667
2022-08-18 18:40:00,903.2
2022-08-18 18:45:00,893.6333333333333
2022-08-18 18:50:00,901.7666666666667
2022-08-18 18:55:00,900.5333333333333
2022-08-18 19:00:00,923.4333333333333
2022-08-18 19:05:00,927.2333333333333
2022-08-18 19:10:00,916.2
2022-08-18 19:15:00,931.8666666666667
2022-08-18 19:20:00,947.5666666666667
2022-08-18 19:25:00,939.9666666666667
2022-08-18 19:30:00,929.9
2022-08-18 19:35:00,937.3
2022-08-18 19:40:00,949.5666666666667
2022-08-18 19:45:00,960.5333333333333
2022-08-18 19:50:00,959.1666666666666
2022-08-18 19:55:00,954.1
2022-08-18 20:00:00,989.2
2022-08-18 20:05:00,995.1
2022-08-18 20:10:00,1035.2666666666667
2022-08-18 20:15:00,1056.5
2022-08-18 20:20:00,1054.8333333333333
2022-08-18 20:25:00,1086.1333333333334
2022-08-18 20:30:00,1097.6333333333334
2022-08-18 20:35:00,1094.8666666666666
2022-08-18 20:40:00,1115.9666666666667
2022-08-18 20:45:00,1149.9666666666667
2022-08-18 20:50:00,1181.3
2022-08-18 20:55:00,1188.2666666666667
2022-08-18 21:00:00,1187.9
2022-08-18 21:05:00,1165.2
2022-08-18 21:10:00,1173.5
2022-08-18 21:15:00,1180.3
2022-08-18 21:20:00,1200.2333333333333
2022-08-18 21:25:00,1219.8666666666666
2022-08-18 21:30:00,1243.6666666666667
2022-08-18 21:35:00,1235.5333333333333
2022-08-18 21:40:00,1269.0
2022-08-18 21:45:00,1273.7
2022-08-18 21:50:00,1287.7666666666667
2022-08-18 21:55:00,1275.7
2022-08-18 22:00:00,1300.6
2022-08-18 22:05:00,1297.4
2022-08-18 22:10:00,1282.3666666666666
2022-08-18 22:15:00,1269.9666666666667
2022-08-18 22:20:00,1282.8
2022-08-18 22:25:00,1279.3333333333333
2022-08-18 22:30:00,1261.1666666666667
2022-08-18 22:35:00,1270.6
2022-08-18 22:40:00,1274.0
2022-08-18 22:45:00,1268.0666666666666
2022-08-18 22:50:00,1253.3
2022-08-18 22:55:00,1259.1333333333334
2022-08-18 23:00:00,1256.5
2022-08-18 23:05:00,1259.3666666666666
2022-08-18 23:10:00,1231.4
2022-08-18 23:15:00,1199.6666666666667
2022-08-18 23:20:00,1193.9666666666667
2022-08-18 23:25:00,1208.9
2022-08-18 23:30:00,1205.2333333333333
2022-08-18 23:35:00,1171.9666666666667
2022-08-18 23:40:00,1146.8666666666666
2022-08-18 23:45:00,1135.2
2022-08-18 23:50:00,1126.6
2022-08-18 23:55:00,1098.8666666666666
2022-08-19 00:00:00,1100.4
2022-08-19 00:05:00,1075.4333333333334
2022-08-19 00:10:00,1060.4666666666667
2022-08-19 00:15:00,1062.7
2022-08-19 00:20:00,1055.9
2022-08-19 00:25:00,1036.5666666666666
2022-08-19 00:30:00,1042.4666666666667
2022-08-19 00:35:00,1016.6333333333333
2022-08-19 00:40:00,1021.6
2022-08-19 00:45:00,997.3
2022-08-19 00:50:00,1005.3666666666667
2022-08-19 00:55:00,992.7333333333333
2022-08-19 01:00:00,987.9666666666667
2022-08-19 01:05:00,978.1333333333333
2022-08-19 01:10:00,954.3666666666667
2022-08-19 01:15:00,962.3
2022-08-19 01:20:00,962.8666666666667
2022-08-19 01:25:00,932.9
2022-08-19 01:30:00,949.2
2022-08-19 01:35:00,945.1333333333333
2022-08-19 01:40:00,912.1333333333333
2022-08-19 01:45:00,928.2666666666667
2022-08-19 01:50:00,912.9333333333333
2022-08-19 01:55:00,922.8666666666667
2022-08-19 02:00:00,926.2
2022-08-19 02:05:00,911.1333333333333
2022-08-19 02:10:00,903.6333333333333
2022-08-19 02:15:00,901.8666666666667
2022-08-19 02:20:00,918.0333333333333
2022-08-19 02:25:00,896.8666666666667
2022-08-19 02:30:00,882.8333333333334
2022-08-19 02:35:00,896.0
2022-08-19 02:40:00,891.8333333333334
2022-08-19 02:45:00,867.7333333333333
2022-08-19 02:50:00,862.9666666666667
2022-08-19 02:55:00,883.4
2022-08-19 03:00:00,857.3666666666667
2022-08-19 03:05:00,853.6666666666666
2022-08-19 03:10:00,877.6333333333333
2022-08-19 03:15:00,842.8333333333334
2022-08-19 03:20:00,859.3666666666667
2022-08-19 03:25:00,842.7
2022-08-19 03:30:00,826.7666666666667
2022-08-19 03:35:00,829.2
2022-08-19 03:40:00,822.4666666666667
2022-08-19 03:45:00,846.3
2022-08-19 03:50:00,823.9
2022-08-19 03:55:00,852.5
2022-08-19 04:00:00,863.0666666666667
2022-08-19 04:05:00,806.5333333333333
2022-08-19 04:10:00,833.0
2022-08-19 04:15:00,834.7333333333333
2022-08-19 04:20:00,836.7666666666667
2022-08-19 04:25:00,829.1333333333333
2022-08-19 04:30:00,815.6333333333333
2022-08-19 04:35:00,836.2333333333333
2022-08-19 04:40:00,840.9333333333333
2022-08-19 04:45:00,830.7
2022-08-19 04:50:00,825.9666666666667
2022-08-19 04:55:00,828.0333333333333
2022-08-19 05:00:00,819.9666666666667
2022-08-19 05:05:00,828.3666666666667
2022-08-19 05:10:00,806.2
2022-08-19 05:15:00,798.7333333333333
2022-08-19 05:20:00,800.1666666666666
2022-08-19 05:25:00,821.4666666666667
2022-08-19 05:30:00,811.3666666666667
2022-08-19 05:35:00,823.6333333333333
2022-08-19 05:40:00,804.3666666666667
2022-08-19 05:45:00,792.4333333333333
2022-08-19 05:50:00,810.7666666666667
2022-08-19 05:55:00,789.1
2022-08-19 06:00:00,840.7
2022-08-19 06:05:00,897.0666666666667
2022-08-19 06:10:00,881.8666666666667
2022-08-19 06:15:00,859.6
2022-08-19 06:20:00,890.7666666666667
2022-08-19 06:25:00,901.3333333333334
2022-08-19 06:30:00,904.6666666666666
2022-08-19 06:35:00,929.2
2022-08-19 06:40:00,957.9
2022-08-19 06:45:00,973.4
2022-08-19 06:50:00,982.6666666666666
2022-08-19 06:55:00,1002.7333333333333
2022-08-19 07:00:00,998.4666666666667
2022-08-19 07:05:00,986.4666666666667
2022-08-19 07:10:00,946.0333333333333
2022-08-19 07:15:00,926.8666666666667
2022-08-19 07:20:00,915.3666666666667
2022-08-19 07:25:00,886.5666666666667
2022-08-19 07:30:00,865.3666666666667
2022-08-19 07:35:00,847.2666666666667
2022-08-19 07:40:00,825.1333333333333
2022-08-19 07:45:00,820.2333333333333
2022-08-19 07:50:00,805.6
2022-08-19 07:55:00,764.4333333333333
2022-08-19 08:00:00,755.9
2022-08-19 08:05:00,750.7666666666667
2022-08-19 08:10:00,737.7333333333333
2022-08-19 08:15:00,715.7333333333333
2022-08-19 08:20:00,699.0666666666667
2022-08-19 08:25:00,687.3
2022-08-19 08:30:00,659.6
2022-08-19 08:35:00,647.6333333333333
2022-08-19 08:40:00,662.1666666666666
2022-08-19 08:45:00,683.1
2022-08-19 08:50:00,703.3333333333334
2022-08-19 08:55:00,697.5666666666667
2022-08-19 09:00:00,722.9
2022-08-19 09:05:00,741.1666666666666
2022-08-19 09:10:00,744.9333333333333
2022-08-19 09:15:00,745.1666666666666
2022-08-19 09:20:00,767.0
2022-08-19 09:25:00,792.4
2022-08-19 09:30:00,776.9666666666667
2022-08-19 09:35:00,756.2333333333333
2022-08-19 09:40:00,777.0666666666667
2022-08-19 09:45:00,787.2
2022-08-19 09:50:00,778.0
2022-08-19 09:55:00,762.3666666666667
2022-08-19 10:00:00,789.2
2022-08-19 10:05:00,812.6666666666666
2022-08-19 10:10:00,820.2
2022-08-19 10:15:00,827.6333333333333
2022-08-19 10:20:00,821.3
2022-08-19 10:25:00,850.7333333333333
2022-08-19 10:30:00,883.9333333333333
2022-08-19 10:35:00,870.9
2022-08-19 10:40:00,872.0333333333333
2022-08-19 10:45:00,910.3666666666667
2022-08-19 10:50:00,929.5333333333333
2022-08-19 10:55:00,914.2
2022-08-19 11:00:00,916.8666666666667
2022-08-19 11:05:00,945.6666666666666
2022-08-19 11:10:00,980.8
2022-08-19 11:15:00,1002.4333333333333
2022-08-19 11:20:00,1026.0333333333333
2022-08-19 11:25:00,1066.0333333333333
2022-08-19 11:30:00,1072.6333333333334
2022-08-19 11:35:00,1121.5
2022-08-19 11:40:00,1154.8
2022-08-19 11:45:00,1181.5
2022-08-19 11:50:00,1200.0666666666666
2022-08-19 11:55:00,1236.9666666666667
2022-08-19 12:00:00,1244.1666666666667
2022-08-19 12:05:00,1223.8
2022-08-19 12:10:00,1220.4666666666667
2022-08-19 12:15:00,1200.8
2022-08-19 12:20:00,1145.4666666666667
2022-08-19 12:25:00,1108.9666666666667
2022-08-19 12:30:00,1014.6666666666666
2022-08-19 12:35:00,977.9333333333333
2022-08-19 12:40:00,952.4
2022-08-19 12:45:00,922.3
2022-08-19 12:50:00,888.4666666666667
2022-08-19 12:55:00,864.7333333333333
2022-08-19 13:00:00,826.8
2022-08-19 13:05:00,818.1
2022-08-19 13:10:00,793.2333333333333
2022-08-19 13:15:00,799.0
2022-08-19 13:20:00,791.3333333333334
2022-08-19 13:25:00,766.3
2022-08-19 13:30:00,779.9333333333333
2022-08-19 13:35:00,763.1
2022-08-19 13:40:00,750.7
2022-08-19 13:45:00,758.7666666666667
2022-08-19 13:50:00,755.3
2022-08-19 13:55:00,738.5
2022-08-19 14:00:00,752.8333333333334
2022-08-19 14:05:00,734.8
2022-08-19 14:10:00,728.2
2022-08-19 14:15:00,727.0666666666667
2022-08-19 14:20:00,724.7666666666667
2022-08-19 14:25:00,714.4
2022-08-19 14:30:00,707.9333333333333
2022-08-19 14:35:00,708.0
2022-08-19 14:40:00,716.6333333333333
2022-08-19 14:45:00,719.0
2022-08-19 14:50:00,708.0
2022-08-19 14:55:00,735.5
2022-08-19 15:00:00,736.1666666666666
2022-08-19 15:05:00,736.7333333333333
2022-08-19 15:10:00,725.9666666666667
2022-08-19 15:15:00,735.8666666666667
2022-08-19 15:20:00,779.0
2022-08-19 15:25:00,800.1666666666666
2022-08-19 15:30:00,758.0666666666667
2022-08-19 15:35:00,776.5333333333333
2022-08-19 15:40:00,802.0
2022-08-19 15:45:00,786.1333333333333
2022-08-19 15:50:00,796.3333333333334
2022-08-19 15:55:00,810.0333333333333
2022-08-19 16:00:00,820.4
2022-08-19 16:05:00,813.2
2022-08-19 16:10:00,810.0
2022-08-19 16:15:00,839.2333333333333
2022-08-19 16:20:00,839.0
2022-08-19 16:25:00,855.6666666666666
2022-08-19 16:30:00,845.7666666666667
2022-08-19 16:35:00,877.8333333333334
2022-08-19 16:40:00,906.7333333333333
2022-08-19 16:45:00,889.4333333333333
2022-08-19 16:50:00,894.3666666666667
2022-08-19 16:55:00,895.2
2022-08-19 17:00:00,900.9
2022-08-19 17:05:00,893.3666666666667
2022-08-19 17:10:00,895.3666666666667
2022-08-19 17:15:00,918.5666666666667
2022-08-19 17:20:00,953.0666666666667
2022-08-19 17:25:00,954.6333333333333
2022-08-19 17:30:00,930.7666666666667
2022-08-19 17:35:00,983.9666666666667
2022-08-19 17:40:00,976.1666666666666
2022-08-19 17:45:00,971.8666666666667
2022-08-19 17:50:00,978.5666666666667
2022-08-19 17:55:00,989.4
2022-08-19 18:00:00,946.9333333333333
2022-08-19 18:05:00,944.0666666666667
2022-08-19 18:10:00,946.2
2022-08-19 18:15:00,936.0666666666667
2022-08-19 18:20:00,946.9666666666667
2022-08-19 18:25:00,969.4333333333333
2022-08-19 18:30:00,980.7
2022-08-19 18:35:00,957.7
2022-08-19 18:40:00,974.7666666666667
2022-08-19 18:45:00,977.0
2022-08-19 18:50:00,958.8333333333334
2022-08-19 18:55:00,969.1333333333333
2022-08-19 19:00:00,965.7
2022-08-19 19:05:00,975.6666666666666
2022-08-19 19:10:00,970.2333333333333
2022-08-19 19:15:00,989.6666666666666
2022-08-19 19:20:00,999.7333333333333
2022-08-19 19:25:00,1006.8
2022-08-19 19:30:00,1012.2666666666667
2022-08-19 19:35:00,1011.9333333333333
2022-08-19 19:40:00,1011.5333333333333
2022-08-19 19:45:00,1022.9333333333333
2022-08-19 19:50:00,1045.9333333333334
2022-08-19 19:55:00,1038.1666666666667
2022-08-19 20:00:00,1052.9
2022-08-19 20:05:00,1059.8666666666666
2022-08-19 20:10:00,1076.7
2022-08-19 20:15:00,1090.6666666666667
2022-08-19 20:20:00,1097.4333333333334
2022-08-19 20:25:00,1140.6666666666667
2022-08-19 20:30:00,1141.9333333333334
2022-08-19 20:35:00,1153.2666666666667
2022-08-19 20:40:00,1171.2
2022-08-19 20:45:00,1175.4666666666667
2022-08-19 20:50:00,1183.2666666666667
2022-08-19 20:55:00,1204.9666666666667
2022-08-19 21:00:00,1205.8
2022-08-19 21:05:00,1216.5333333333333
2022-08-19 21:10:00,1232.4333333333334
2022-08-19 21:15:00,1232.2
2022-08-19 21:20:00,1237.6
2022-08-19 21:25:00,1250.5
2022-08-19 21:30:00,1265.1333333333334
2022-08-19 21:35:00,1296.4333333333334
2022-08-19 21:40:00,1304.7666666666667
2022-08-19 21:45:00,1301.2
2022-08-19 21:50:00,1286.6666666666667
2022-08-19 21:55:00,1250.8333333333333
2022-08-19 22:00:00,1288.0333333333333
2022-08-19 22:05:00,1269.2333333333333
2022-08-19 22:10:00,1273.2
2022-08-19 22:15:00,1273.5
2022-08-19 22:20:00,1285.7
2022-08-19 22:25:00,1288.4
2022-08-19 22:30:00,1294.5333333333333
2022-08-19 22:35:00,1275.8
2022-08-19 22:40:00,1275.8333333333333
2022-08-19 22:45:00,1260.2666666666667
2022-08-19 22:50:00,1281.5333333333333
2022-08-19 22:55:00,1261.6
2022-08-19 23:00:00,1245.3333333333333
2022-08-19 23:05:00,1232.0
2022-08-19 23:10:00,1230.0
2022-08-19 23:15:00,1226.4666666666667
2022-08-19 23:20:00,1231.0666666666666
2022-08-19 23:25:00,1221.7
2022-08-19 23:30:00,1205.4333333333334
2022-08-19 23:35:00,1167.9333333333334
2022-08-19 23:40:00,1180.6666666666667
2022-08-19 23:45:00,1184.2333333333333
2022-08-19 23:50:00,1156.8333333333333
2022-08-19 23:55:00,1150.8666666666666
2022-08-20 00:00:00,1154.0
2022-08-20 00:05:00,1139.4333333333334
2022-08-20 00:10:00,1135.2666666666667
2022-08-20 00:15:00,1126.2
2022-08-20 00:20:00,1115.4333333333334
2022-08-20 00:25:00,1118.2666666666667
2022-08-20 00:30:00,1101.0
2022-08-20 00:35:00,1105.8
2022-08-20 00:40:00,1102.7
2022-08-20 00:45:00,1099.7333333333333
2022-08-20 00:50:00,1096.7666666666667
2022-08-20 00:55:00,1105.3
2022-08-20 01:00:00,1097.1666666666667
2022-08-20 01:05:00,1059.7333333333333
2022-08-20 01:10:00,1054.4333333333334
2022-08-20 01:15:00,1070.7333333333333
2022-08-20 01:20:00,1049.1666666666667
2022-08-20 01:25:00,1054.6
2022-08-20 01:30:00,1037.5666666666666
2022-08-20 01:35:00,1035.6333333333334
2022-08-20 01:40:00,1023.0666666666667
2022-08-20 01:45:00,1024.5333333333333
2022-08-20 01:50:00,1004.0
2022-08-20 01:55:00,1006.7333333333333
2022-08-20 02:00:00,1015.0666666666667
2022-08-20 02:05:00,992.0333333333333
2022-08-20 02:10:00,992.2666666666667
2022-08-20 02:15:00,1004.7666666666667
2022-08-20 02:20:00,991.3666666666667
2022-08-20 02:25:00,995.0
2022-08-20 02:30:00,984.8666666666667
2022-08-20 02:35:00,988.8333333333334
2022-08-20 02:40:00,988.8666666666667
2022-08-20 02:45:00,984.2
2022-08-20 02:50:00,965.5
2022-08-20 02:55:00,967.8333333333334
2022-08-20 03:00:00,965.1666666666666
2022-08-20 03:05:00,964.2333333333333
2022-08-20 03:10:00,965.1333333333333
2022-08-20 03:15:00,940.8666666666667
2022-08-20 03:20:00,938.6666666666666
2022-08-20 03:25:00,947.8333333333334
2022-08-20 03:30:00,935.3333333333334
2022-08-20 03:35:00,948.3
2022-08-20 03:40:00,934.1666666666666
2022-08-20 03:45:00,936.2333333333333
2022-08-20 03:50:00,933.8
2022-08-20 03:55:00,949.8
2022-08-20 04:00:00,940.4333333333333
2022-08-20 04:05:00,915.6
2022-08-20 04:10:00,933.5666666666667
2022-08-20 04:15:00,942.9333333333333
2022-08-20 04:20:00,938.8
2022-08-20 04:25:00,932.9333333333333
2022-08-20 04:30:00,925.1
2022-08-20 04:35:00,896.0333333333333
2022-08-20 04:40:00,903.5
2022-08-20 04:45:00,906.9666666666667
2022-08-20 04:50:00,895.7333333333333
2022-08-20 04:55:00,902.9333333333333
2022-08-20 05:00:00,890.0666666666667
2022-08-20 05:05:00,896.9
2022-08-20 05:10:00,874.3666666666667
2022-08-20 05:15:00,886.1333333333333
2022-08-20 05:20:00,903.3333333333334
2022-08-20 05:25:00,888.9
2022-08-20 05:30:00,889.4666666666667
2022-08-20 05:35:00,885.0666666666667
2022-08-20 05:40:00,864.8666666666667
2022-08-20 05:45:00,872.3666666666667
2022-08-20 05:50:00,871.7
2022-08-20 05:55:00,882.0333333333333
2022-08-20 06:00:00,908.6333333333333
2022-08-20 06:05:00,913.2
2022-08-20 06:10:00,915.0666666666667
2022-08-20 06:15:00,945.1333333333333
2022-08-20 06:20:00,957.6
2022-08-20 06:25:00,960.7666666666667
2022-08-20 06:30:00,937.3333333333334
2022-08-20 06:35:00,961.5333333333333
2022-08-20 06:40:00,1000.6666666666666
2022-08-20 06:45:00,971.3666666666667
2022-08-20 06:50:00,985.2
2022-08-20 06:55:00,986.2333333333333
2022-08-20 07:00:00,1004.3333333333334
2022-08-20 07:05:00,972.4333333333333
2022-08-20 07:10:00,1000.3666666666667
2022-08-20 07:15:00,999.5333333333333
2022-08-20 07:20:00,978.6333333333333
2022-08-20 07:25:00,966.4333333333333
2022-08-20 07:30:00,956.8666666666667
2022-08-20 07:35:00,955.6333333333333
2022-08-20 07:40:00,939.8
2022-08-20 07:45:00,937.8666666666667
2022-08-20 07:50:00,927.2333333333333
2022-08-20 07:55:00,947.6333333333333
2022-08-20 08:00:00,920.2666666666667
2022-08-20 08:05:00,965.8666666666667
2022-08-20 08:10:00,970.6
2022-08-20 08:15:00,965.5666666666667
2022-08-20 08:20:00,971.8333333333334
2022-08-20 08:25:00,972.8333333333334
2022-08-20 08:30:00,978.7666666666667
2022-08-20 08:35:00,946.4333333333333
2022-08-20 08:40:00,933.0
2022-08-20 08:45:00,935.1
2022-08-20 08:50:00,956.3666666666667
2022-08-20 08:55:00,944.5
2022-08-20 09:00:00,958.9666666666667
2022-08-20 09:05:00,965.0666666666667
2022-08-20 09:10:00,969.6333333333333
2022-08-20 09:15:00,1002.8333333333334
2022-08-20 09:20:00,1002.1333333333333
2022-08-20 09:25:00,994.8666666666667
2022-08-20 09:30:00,974.8
2022-08-20 09:35:00,1004.6333333333333
2022-08-20 09:40:00,982.2666666666667
2022-08-20 09:45:00,993.2
2022-08-20 09:50:00,992.1
2022-08-20 09:55:00,1023.8666666666667
2022-08-20 10:00:00,1038.2666666666667
2022-08-20 10:05:00,1027.8333333333333
2022-08-20 10:10:00,1039.3666666666666
2022-08-20 10:15:00,1058.2666666666667
2022-08-20 10:20:00,1070.4666666666667
2022-08-20 10:25:00,1097.4333333333334
2022-08-20 10:30:00,1049.8
2022-08-20 10:35:00,1067.6666666666667
2022-08-20 10:40:00,1060.1
2022-08-20 10:45:00,1108.1
2022-08-20 10:50:00,1105.5333333333333
2022-08-20 10:55:00,1085.2666666666667
2022-08-20 11:00:00,1094.5333333333333
2022-08-20 11:05:00,1136.1666666666667
2022-08-20 11:10:00,1136.8666666666666
2022-08-20 11:15:00,1163.1
2022-08-20 11:20:00,1161.9666666666667
2022-08-20 11:25:00,1180.4666666666667
2022-08-20 11:30:00,1179.9666666666667
2022-08-20 11:35:00,1187.7
2022-08-20 11:40:00,1177.6333333333334
2022-08-20 11:45:00,1221.9666666666667
2022-08-20 11:50:00,1240.9333333333334
2022-08-20 11:55:00,1248.0
2022-08-20 12:00:00,1265.2333333333333
2022-08-20 12:05:00,1236.0666666666666
2022-08-20 12:10:00,1240.0333333333333
2022-08-20 12:15:00,1142.6
2022-08-20 12:20:00,1094.4333333333334
2022-08-20 12:25:00,1108.4
2022-08-20 12:30:00,1090.1666666666667
2022-08-20 12:35:00,1092.6
2022-08-20 12:40:00,1084.2333333333333
2022-08-20 12:45:00,1085.8
2022-08-20 12:50:00,1083.2
2022-08-20 12:55:00,1076.4666666666667
2022-08-20 13:00:00,1075.8333333333333
2022-08-20 13:05:00,1082.6666666666667
2022-08-20 13:10:00,1057.7333333333333
2022-08-20 13:15:00,1065.1333333333334
2022-08-20 13:20:00,1063.0333333333333
2022-08-20 13:25:00,1061.9333333333334
2022-08-20 13:30:00,1047.3666666666666
2022-08-20 13:35:00,1047.6333333333334
2022-08-20 13:40:00,1028.2
2022-08-20 13:45:00,1029.2666666666667
2022-08-20 13:50:00,1012.0666666666667
2022-08-20 13:55:00,1018.9666666666667
2022-08-20 14:00:00,1013.0
2022-08-20 14:05:00,987.2333333333333
2022-08-20 14:10:00,977.3
2022-08-20 14:15:00,989.1
2022-08-20 14:20:00,1016.1666666666666
2022-08-20 14:25:00,1007.6
2022-08-20 14:30:00,1006.8666666666667
2022-08-20 14:35:00,992.1333333333333
2022-08-20 14:40:00,983.3666666666667
2022-08-20 14:45:00,967.0666666666667
2022-08-20 14:50:00,964.8666666666667
2022-08-20 14:55:00,963.2
2022-08-20 15:00:00,960.2666666666667
2022-08-20 15:05:00,983.6
2022-08-20 15:10:00,986.4666666666667
2022-08-20 15:15:00,971.8333333333334
2022-08-20 15:20:00,973.2333333333333
2022-08-20 15:25:00,994.6333333333333
2022-08-20 15:30:00,978.0
2022-08-20 15:35:00,1003.5333333333333
2022-08-20 15:40:00,995.2
2022-08-20 15:45:00,1017.3
2022-08-20 15:50:00,1018.8
2022-08-20 15:55:00,1026.5333333333333
2022-08-20 16:00:00,1004.2666666666667
2022-08-20 16:05:00,993.9
2022-08-20 16:10:00,1025.6333333333334
2022-08-20 16:15:00,1031.2
2022-08-20 16:20:00,1058.1
2022-08-20 16:25:00,1050.0333333333333
2022-08-20 16:30:00,1062.5666666666666
2022-08-20 16:35:00,1029.3
2022-08-20 16:40:00,1016.0
2022-08-20 16:45:00,1016.6666666666666
2022-08-20 16:50:00,1010.5666666666667
2022-08-20 16:55:00,999.9333333333333
2022-08-20 17:00:00,990.7333333333333
2022-08-20 17:05:00,1013.9
2022-08-20 17:10:00,1014.3666666666667
2022-08-20 17:15:00,1041.7
2022-08-20 17:20:00,1034.5666666666666
2022-08-20 17:25:00,1019.3
2022-08-20 17:30:00,997.6666666666666
2022-08-20 17:35:00,960.9
2022-08-20 17:40:00,936.4666666666667
2022-08-20 17:45:00,926.5333333333333
2022-08-20 17:50:00,944.3333333333334
2022-08-20 17:55:00,884.9666666666667
2022-08-20 18:00:00,861.8
2022-08-20 18:05:00,812.5666666666667
2022-08-20 18:10:00,805.2
2022-08-20 18:15:00,792.4666666666667
2022-08-20 18:20:00,787.4666666666667
2022-08-20 18:25:00,809.1
2022-08-20 18:30:00,813.7666666666667
2022-08-20 18:35:00,813.3666666666667
2022-08-20 18:40:00,819.7666666666667
2022-08-20 18:45:00,827.2333333333333
2022-08-20 18:50:00,815.0
2022-08-20 18:55:00,826.3333333333334
2022-08-20 19:00:00,832.3
2022-08-20 19:05:00,842.4333333333333
2022-08-20 19:10:00,831.5333333333333
2022-08-20 19:15:00,822.6333333333333
2022-08-20 19:20:00,821.7666666666667
2022-08-20 19:25:00,816.7333333333333
2022-08-20 19:30:00,839.8666666666667
2022-08-20 19:35:00,830.8
2022-08-20 19:40:00,852.6
2022-08-20 19:45:00,859.1666666666666
2022-08-20 19:50:00,864.1
2022-08-20 19:55:00,862.2333333333333
2022-08-20 20:00:00,884.8333333333334
2022-08-20 20:05:00,881.6
2022-08-20 20:10:00,871.6333333333333
2022-08-20 20:15:00,887.8666666666667
2022-08-20 20:20:00,897.0
2022-08-20 20:25:00,907.4666666666667
2022-08-20 20:30:00,918.3333333333334
2022-08-20 20:35:00,938.6666666666666
2022-08-20 20:40:00,949.3
2022-08-20 20:45:00,970.6333333333333
2022-08-20 20:50:00,982.0
2022-08-20 20:55:00,979.4333333333333
2022-08-20 21:00:00,974.9333333333333
2022-08-20 21:05:00,978.6666666666666
2022-08-20 21:10:00,988.2333333333333
2022-08-20 21:15:00,987.6333333333333
2022-08-20 21:20:00,994.7
2022-08-20 21:25:00,997.0
2022-08-20 21:30:00,1027.2
2022-08-20 21:35:00,1057.0
2022-08-20 21:40:00,1045.2666666666667
2022-08-20 21:45:00,1071.4333333333334
2022-08-20 21:50:00,1063.8333333333333
2022-08-20 21:55:00,1071.5666666666666
2022-08-20 22:00:00,1061.9666666666667
2022-08-20 22:05:00,1063.5
2022-08-20 22:10:00,1051.7
2022-08-20 22:15:00,1063.3
2022-08-20 22:20:00,1049.7333333333333
2022-08-20 22:25:00,1046.4333333333334
2022-08-20 22:30:00,1054.1
2022-08-20 22:35:00,1036.3333333333333
2022-08-20 22:40:00,1039.8333333333333
2022-08-20 22:45:00,1038.1
2022-08-20 22:50:00,1036.0
2022-08-20 22:55:00,1024.3
2022-08-20 23:00:00,1017.5
2022-08-20 23:05:00,1022.1666666666666
2022-08-20 23:10:00,1014.7
2022-08-20 23:15:00,1024.4666666666667
2022-08-20 23:20:00,1004.3333333333334
2022-08-20 23:25:00,980.8333333333334
2022-08-20 23:30:00,982.1666666666666
2022-08-20 23:35:00,987.2666666666667
2022-08-20 23:40:00,978.6666666666666
2022-08-20 23:45:00,957.9666666666667
2022-08-20 23:50:00,948.5333333333333
2022-08-20 23:55:00,926.3333333333334
2022-08-21 00:00:00,908.7
2022-08-21 00:05:00,933.4666666666667
2022-08-21 00:10:00,913.0333333333333
2022-08-21 00:15:00,906.0333333333333
2022-08-21 00:20:00,892.4
2022-08-21 00:25:00,880.6666666666666
2022-08-21 00:30:00,875.2
2022-08-21 00:35:00,867.0
2022-08-21 00:40:00,867.3333333333334
2022-08-21 00:45:00,869.6333333333333
2022-08-21 00:50:00,852.3
2022-08-21 00:55:00,850.6
2022-08-21 01:00:00,836.8666666666667
2022-08-21 01:05:00,831.6666666666666
2022-08-21 01:10:00,813.6
2022-08-21 01:15:00,820.6333333333333
2022-08-21 01:20:00,832.6666666666666
2022-08-21 01:25:00,820.5333333333333
2022-08-21 01:30:00,825.0
2022-08-21 01:35:00,817.4
2022-08-21 01:40:00,813.6
2022-08-21 01:45:00,814.1666666666666
2022-08-21 01:50:00,805.7333333333333
2022-08-21 01:55:00,823.2
2022-08-21 02:00:00,821.4333333333333
2022-08-21 02:05:00,802.3333333333334
2022-08-21 02:10:00,807.9333333333333
2022-08-21 02:15:00,805.4666666666667
2022-08-21 02:20:00,802.7666666666667
2022-08-21 02:25:00,814.0333333333333
2022-08-21 02:30:00,806.7666666666667
2022-08-21 02:35:00,802.1
2022-08-21 02:40:00,795.7
2022-08-21 02:45:00,786.7333333333333
2022-08-21 02:50:00,791.3333333333334
2022-08-21 02:55:00,790.7333333333333
2022-08-21 03:00:00,781.1333333333333
2022-08-21 03:05:00,776.4
2022-08-21 03:10:00,784.1
2022-08-21 03:15:00,765.2666666666667
2022-08-21 03:20:00,767.9666666666667
2022-08-21 03:25:00,778.3
2022-08-21 03:30:00,765.8333333333334
2022-08-21 03:35:00,760.4333333333333
2022-08-21 03:40:00,770.4
2022-08-21 03:45:00,751.3333333333334
2022-08-21 03:50:00,746.4666666666667
2022-08-21 03:55:00,778.5
2022-08-21 04:00:00,784.2
2022-08-21 04:05:00,788.6
2022-08-21 04:10:00,761.1333333333333
2022-08-21 04:15:00,761.7
2022-08-21 04:20:00,746.0333333333333
2022-08-21 04:25:00,750.9
2022-08-21 04:30:00,764.7333333333333
2022-08-21 04:35:00,748.4666666666667
2022-08-21 04:40:00,749.3666666666667
2022-08-21 04:45:00,760.1
2022-08-21 04:50:00,763.4333333333333
2022-08-21 04:55:00,800.0666666666667
2022-08-21 05:00:00,789.3333333333334
2022-08-21 05:05:00,746.8333333333334
2022-08-21 05:10:00,759.0
2022-08-21 05:15:00,749.9666666666667
2022-08-21 05:20:00,732.8
2022-08-21 05:25:00,725.1666666666666
2022-08-21 05:30:00,737.1666666666666
2022-08-21 05:35:00,721.0333333333333
2022-08-21 05:40:00,715.8
2022-08-21 05:45:00,734.9
2022-08-21 05:50:00,724.4
2022-08-21 05:55:00,714.8666666666667
2022-08-21 06:00:00,730.2666666666667
2022-08-21 06:05:00,736.1
2022-08-21 06:10:00,735.1666666666666
2022-08-21 06:15:00,730.7666666666667
2022-08-21 06:20:00,755.8666666666667
2022-08-21 06:25:00,776.0
2022-08-21 06:30:00,782.9666666666667
2022-08-21 06:35:00,805.7
2022-08-21 06:40:00,804.4666666666667
2022-08-21 06:45:00,786.0
2022-08-21 06:50:00,818.6333333333333
2022-08-21 06:55:00,804.0
2022-08-21 07:00:00,840.8333333333334
2022-08-21 07:05:00,826.4333333333333
2022-08-21 07:10:00,847.2333333333333
2022-08-21 07:15:00,858.4666666666667
2022-08-21 07:20:00,874.2666666666667
2022-08-21 07:25:00,867.1
2022-08-21 07:30:00,863.3333333333334
2022-08-21 07:35:00,892.4
2022-08-21 07:40:00,855.7666666666667
2022-08-21 07:45:00,869.1666666666666
2022-08-21 07:50:00,882.0666666666667
2022-08-21 07:55:00,875.4333333333333
2022-08-21 08:00:00,898.5666666666667
2022-08-21 08:05:00,915.8333333333334
2022-08-21 08:10:00,911.7666666666667
2022-08-21 08:15:00,909.1
2022-08-21 08:20:00,917.6666666666666
2022-08-21 08:25:00,902.7666666666667
2022-08-21 08:30:00,881.2
2022-08-21 08:35:00,880.4666666666667
2022-08-21 08:40:00,893.3
2022-08-21 08:45:00,937.4
2022-08-21 08:50:00,936.6
2022-08-21 08:55:00,912.0666666666667
2022-08-21 09:00:00,901.4
2022-08-21 09:05:00,887.2666666666667
2022-08-21 09:10:00,876.2333333333333
2022-08-21 09:15:00,888.1
2022-08-21 09:20:00,910.4666666666667
2022-08-21 09:25:00,920.5
2022-08-21 09:30:00,897.6333333333333
2022-08-21 09:35:00,907.5666666666667
2022-08-21 09:40:00,909.8
2022-08-21 09:45:00,892.1
2022-08-21 09:50:00,910.7
2022-08-21 09:55:00,968.2333333333333
2022-08-21 10:00:00,1007.4333333333333
2022-08-21 10:05:00,1001.1333333333333
2022-08-21 10:10:00,1037.5333333333333
2022-08-21 10:15:00,1014.9
2022-08-21 10:20:00,1004.6
2022-08-21 10:25:00,1036.8666666666666
2022-08-21 10:30:00,1062.1
2022-08-21 10:35:00,1089.2666666666667
2022-08-21 10:40:00,1111.6
2022-08-21 10:45:00,1088.8333333333333
2022-08-21 10:50:00,1068.8
2022-08-21 10:55:00,1093.3333333333333
2022-08-21 11:00:00,1112.4
2022-08-21 11:05:00,1138.8
2022-08-21 11:10:00,1156.5
2022-08-21 11:15:00,1160.4
2022-08-21 11:20:00,1124.1
2022-08-21 11:25:00,1123.3333333333333
2022-08-21 11:30:00,1147.0333333333333
2022-08-21 11:35:00,1181.8
2022-08-21 11:40:00,1179.6666666666667
2022-08-21 11:45:00,1175.2333333333333
2022-08-21 11:50:00,1196.5333333333333
2022-08-21 11:55:00,1192.0333333333333
2022-08-21 12:00:00,1182.7333333333333
2022-08-21 12:05:00,1196.1
2022-08-21 12:10:00,1166.3333333333333
2022-08-21 12:15:00,1120.4666666666667
2022-08-21 12:20:00,1048.2
2022-08-21 12:25:00,1077.9666666666667
2022-08-21 12:30:00,1066.2666666666667
2022-08-21 12:35:00,1060.7333333333333
2022-08-21 12:40:00,1077.0666666666666
2022-08-21 12:45:00,1083.0666666666666
2022-08-21 12:50:00,1067.4333333333334
2022-08-21 12:55:00,1086.6
2022-08-21 13:00:00,1073.6666666666667
2022-08-21 13:05:00,1067.1666666666667
2022-08-21 13:10:00,1035.5666666666666
2022-08-21 13:15:00,1033.3666666666666
2022-08-21 13:20:00,1050.0
2022-08-21 13:25:00,1052.2
2022-08-21 13:30:00,1056.8666666666666
2022-08-21 13:35:00,1022.3666666666667
2022-08-21 13:40:00,1037.0333333333333
2022-08-21 13:45:00,1019.2
2022-08-21 13:50:00,1021.9
2022-08-21 13:55:00,1038.0333333333333
2022-08-21 14:00:00,1017.5666666666667
2022-08-21 14:05:00,1043.9
2022-08-21 14:10:00,1043.2
2022-08-21 14:15:00,1023.6333333333333
2022-08-21 14:20:00,1031.0
2022-08-21 14:25:00,1045.6666666666667
2022-08-21 14:30:00,1028.4333333333334
2022-08-21 14:35:00,1007.4666666666667
2022-08-21 14:40:00,997.8
2022-08-21 14:45:00,962.3666666666667
2022-08-21 14:50:00,937.1333333333333
2022-08-21 14:55:00,921.1
2022-08-21 15:00:00,877.5333333333333
2022-08-21 15:05:00,853.7
2022-08-21 15:10:00,849.5333333333333
2022-08-21 15:15:00,845.7666666666667
2022-08-21 15:20:00,845.8
2022-08-21 15:25:00,826.4666666666667
2022-08-21 15:30:00,835.7333333333333
2022-08-21 15:35:00,840.4333333333333
2022-08-21 15:40:00,836.5666666666667
2022-08-21 15:45:00,843.9
2022-08-21 15:50:00,866.5666666666667
2022-08-21 15:55:00,858.5
2022-08-21 16:00:00,869.6333333333333
2022-08-21 16:05:00,863.5333333333333
2022-08-21 16:10:00,903.4666666666667
2022-08-21 16:15:00,910.8
2022-08-21 16:20:00,898.6666666666666
2022-08-21 16:25:00,913.2666666666667
2022-08-21 16:30:00,921.9
2022-08-21 16:35:00,922.1333333333333
2022-08-21 16:40:00,917.1333333333333
2022-08-21 16:45:00,934.9
2022-08-21 16:50:00,914.0
2022-08-21 16:55:00,927.5
2022-08-21 17:00:00,923.9
2022-08-21 17:05:00,925.4666666666667
2022-08-21 17:10:00,939.1333333333333
2022-08-21 17:15:00,936.9333333333333
2022-08-21 17:20:00,964.1333333333333
2022-08-21 17:25:00,965.0333333333333
2022-08-21 17:30:00,956.5
2022-08-21 17:35:00,910.8
2022-08-21 17:40:00,899.3333333333334
2022-08-21 17:45:00,893.2
2022-08-21 17:50:00,879.4
2022-08-21 17:55:00,856.6333333333333
2022-08-21 18:00:00,844.0666666666667
2022-08-21 18:05:00,838.3333333333334
2022-08-21 18:10:00,863.5666666666667
2022-08-21 18:15:00,870.6333333333333
2022-08-21 18:20:00,862.0
2022-08-21 18:25:00,838.2666666666667
2022-08-21 18:30:00,841.8333333333334
2022-08-21 18:35:00,835.6666666666666
2022-08-21 18:40:00,840.6
2022-08-21 18:45:00,851.0
2022-08-21 18:50:00,864.0666666666667
2022-08-21 18:55:00,861.9
2022-08-21 19:00:00,874.8666666666667
2022-08-21 19:05:00,858.4
2022-08-21 19:10:00,855.9
2022-08-21 19:15:00,865.6
2022-08-21 19:20:00,866.3
2022-08-21 19:25:00,849.5333333333333
2022-08-21 19:30:00,854.6
2022-08-21 19:35:00,842.1666666666666
2022-08-21 19:40:00,883.0333333333333
2022-08-21 19:45:00,882.8
2022-08-21 19:50:00,890.4
2022-08-21 19:55:00,880.0666666666667
2022-08-21 20:00:00,894.5666666666667
2022-08-21 20:05:00,910.2333333333333
2022-08-21 20:10:00,902.1333333333333
2022-08-21 20:15:00,892.9333333333333
2022-08-21 20:20:00,918.5666666666667
2022-08-21 20:25:00,930.3
2022-08-21 20:30:00,972.3333333333334
2022-08-21 20:35:00,969.4
2022-08-21 20:40:00,990.0
2022-08-21 20:45:00,979.4
2022-08-21 20:50:00,983.8333333333334
2022-08-21 20:55:00,1004.8666666666667
2022-08-21 21:00:00,982.2666666666667
2022-08-21 21:05:00,989.8333333333334
2022-08-21 21:10:00,1028.5333333333333
2022-08-21 21:15:00,1027.0
2022-08-21 21:20:00,1041.0666666666666
2022-08-21 21:25:00,1064.5
2022-08-21 21:30:00,1058.5333333333333
2022-08-21 21:35:00,1047.5666666666666
2022-08-21 21:40:00,1063.8333333333333
2022-08-21 21:45:00,1075.3
2022-08-21 21:50:00,1069.9333333333334
2022-08-21 21:55:00,1066.6666666666667
2022-08-21 22:00:00,1079.4666666666667
2022-08-21 22:05:00,1087.3666666666666
2022-08-21 22:10:00,1083.3666666666666
2022-08-21 22:15:00,1080.8666666666666
2022-08-21 22:20:00,1083.5666666666666
2022-08-21 22:25:00,1085.0666666666666
2022-08-21 22:30:00,1081.3
2022-08-21 22:35:00,1068.3
2022-08-21 22:40:00,1041.0
2022-08-21 22:45:00,1024.1333333333334
2022-08-21 22:50:00,1003.8
2022-08-21 22:55:00,1019.0
2022-08-21 23:00:00,996.9333333333333
2022-08-21 23:05:00,987.0
2022-08-21 23:10:00,981.2
2022-08-21 23:15:00,972.1666666666666
2022-08-21 23:20:00,975.1666666666666
2022-08-21 23:25:00,967.8333333333334
2022-08-21 23:30:00,930.2666666666667
2022-08-21 23:35:00,933.8333333333334
2022-08-21 23:40:00,933.9333333333333
2022-08-21 23:45:00,916.5666666666667
2022-08-21 23:50:00,894.1
2022-08-21 23:55:00,896.8666666666667
